{
    "Locations": [
      {
        "Latitude": 37.97210608761372,
        "Longitude": 23.750750189681895
      },
      {
        "Latitude": 37.96089022706385,
        "Longitude": 23.736999391938514
      },
      {
        "Latitude": 37.98916220704625,
        "Longitude": 23.769358194908108
      },
      {
        "Latitude": 37.973758918600744,
        "Longitude": 23.75390661970625
      },
      {
        "Latitude": 37.98770697631579,
        "Longitude": 23.754490414773183
      },
      {
        "Latitude": 37.97421305941885,
        "Longitude": 23.788177335211547
      },
      {
        "Latitude": 37.96745396896548,
        "Longitude": 23.780129868992
      },
      {
        "Latitude": 37.96953847865365,
        "Longitude": 23.742918624619314
      },
      {
        "Latitude": 37.98383696866488,
        "Longitude": 23.75487111820478
      },
      {
        "Latitude": 37.97581626179171,
        "Longitude": 23.74380011639688
      },
      {
        "Latitude": 37.99030002973926,
        "Longitude": 23.778276872671796
      },
      {
        "Latitude": 37.98390767417361,
        "Longitude": 23.77393809874632
      },
      {
        "Latitude": 37.98774969448316,
        "Longitude": 23.743100182332906
      },
      {
        "Latitude": 37.980662844271265,
        "Longitude": 23.73277316534702
      },
      {
        "Latitude": 37.99878373767922,
        "Longitude": 23.740710437082527
      },
      {
        "Latitude": 37.983720448387544,
        "Longitude": 23.789298195618304
      },
      {
        "Latitude": 37.96052788723792,
        "Longitude": 23.770908196724218
      },
      {
        "Latitude": 37.99786071431276,
        "Longitude": 23.755199852057032
      },
      {
        "Latitude": 37.9830691825137,
        "Longitude": 23.76816232292132
      },
      {
        "Latitude": 37.97744442741017,
        "Longitude": 23.749830805753582
      },
      {
        "Latitude": 37.98221618041263,
        "Longitude": 23.747650029665436
      },
      {
        "Latitude": 37.99644829024246,
        "Longitude": 23.74942961839216
      },
      {
        "Latitude": 37.977066200323456,
        "Longitude": 23.730550812684967
      },
      {
        "Latitude": 37.98086901286263,
        "Longitude": 23.76052002315767
      },
      {
        "Latitude": 37.96140600469743,
        "Longitude": 23.766517272384483
      },
      {
        "Latitude": 37.97270193789341,
        "Longitude": 23.760245221874055
      },
      {
        "Latitude": 37.99877146730466,
        "Longitude": 23.7699456037198
      },
      {
        "Latitude": 37.965777871649145,
        "Longitude": 23.779730022528287
      },
      {
        "Latitude": 37.99355261405483,
        "Longitude": 23.76883114980554
      },
      {
        "Latitude": 37.9624784209481,
        "Longitude": 23.737917950773397
      },
      {
        "Latitude": 37.96683489849352,
        "Longitude": 23.766955694413802
      },
      {
        "Latitude": 37.98106284406342,
        "Longitude": 23.75980974640705
      },
      {
        "Latitude": 37.96537397051629,
        "Longitude": 23.758968667696347
      },
      {
        "Latitude": 37.9850550299439,
        "Longitude": 23.751652611842882
      },
      {
        "Latitude": 37.99854680371086,
        "Longitude": 23.75751707189385
      },
      {
        "Latitude": 37.99473767574668,
        "Longitude": 23.776093449780863
      },
      {
        "Latitude": 37.96498834712782,
        "Longitude": 23.78058684594977
      },
      {
        "Latitude": 37.97145561303709,
        "Longitude": 23.783831933287
      },
      {
        "Latitude": 37.999045224380275,
        "Longitude": 23.730689979745573
      },
      {
        "Latitude": 37.9798798988562,
        "Longitude": 23.789411448815606
      },
      {
        "Latitude": 37.99337396302738,
        "Longitude": 23.763425917810864
      },
      {
        "Latitude": 37.97923938751326,
        "Longitude": 23.74918805025831
      },
      {
        "Latitude": 37.99600322385936,
        "Longitude": 23.748983919292392
      },
      {
        "Latitude": 37.99157729610037,
        "Longitude": 23.769783858369976
      },
      {
        "Latitude": 37.97710322517125,
        "Longitude": 23.747815889828367
      },
      {
        "Latitude": 37.977146767785705,
        "Longitude": 23.77558261741825
      },
      {
        "Latitude": 37.96196694719182,
        "Longitude": 23.747563290876325
      },
      {
        "Latitude": 37.983841918622794,
        "Longitude": 23.773460940651468
      },
      {
        "Latitude": 37.992828555797594,
        "Longitude": 23.75191125553662
      },
      {
        "Latitude": 37.98082295029438,
        "Longitude": 23.770823363289878
      },
      {
        "Latitude": 37.99932863434386,
        "Longitude": 23.778581723250685
      },
      {
        "Latitude": 37.97441969838901,
        "Longitude": 23.748157203214912
      },
      {
        "Latitude": 37.97853481717892,
        "Longitude": 23.733720613038958
      },
      {
        "Latitude": 37.99598621324835,
        "Longitude": 23.77864697466371
      },
      {
        "Latitude": 37.967399127067225,
        "Longitude": 23.731834536935224
      },
      {
        "Latitude": 37.96482111321966,
        "Longitude": 23.756000081385732
      },
      {
        "Latitude": 37.970125801604496,
        "Longitude": 23.77548922013171
      },
      {
        "Latitude": 37.967556499220514,
        "Longitude": 23.75374967569638
      },
      {
        "Latitude": 37.991587462885214,
        "Longitude": 23.76106616545243
      },
      {
        "Latitude": 37.97183182233833,
        "Longitude": 23.75481380247234
      },
      {
        "Latitude": 37.96963598949302,
        "Longitude": 23.756788403391617
      },
      {
        "Latitude": 37.972358011610886,
        "Longitude": 23.742432347573164
      },
      {
        "Latitude": 37.962505579628406,
        "Longitude": 23.754661460839742
      },
      {
        "Latitude": 37.98274317289849,
        "Longitude": 23.783714922673894
      },
      {
        "Latitude": 37.97078589374006,
        "Longitude": 23.74113073411866
      },
      {
        "Latitude": 37.97807392729037,
        "Longitude": 23.747895098024518
      },
      {
        "Latitude": 37.96612628065359,
        "Longitude": 23.778173453431407
      },
      {
        "Latitude": 37.964007657128754,
        "Longitude": 23.756802822885334
      },
      {
        "Latitude": 37.97881624979739,
        "Longitude": 23.788385469731594
      },
      {
        "Latitude": 37.96755354411298,
        "Longitude": 23.734194085871955
      },
      {
        "Latitude": 37.98995645210994,
        "Longitude": 23.742129292114903
      },
      {
        "Latitude": 37.96920411293713,
        "Longitude": 23.76404004181498
      },
      {
        "Latitude": 37.979383797354664,
        "Longitude": 23.768369285096668
      },
      {
        "Latitude": 37.977513014689926,
        "Longitude": 23.741730992821175
      },
      {
        "Latitude": 37.97401537771761,
        "Longitude": 23.742167939666604
      },
      {
        "Latitude": 37.97921814951011,
        "Longitude": 23.776646747496752
      },
      {
        "Latitude": 37.97728678622773,
        "Longitude": 23.773990852975572
      },
      {
        "Latitude": 37.97667508994298,
        "Longitude": 23.741066526466827
      },
      {
        "Latitude": 37.99986167998816,
        "Longitude": 23.730968360267326
      },
      {
        "Latitude": 37.97326821884371,
        "Longitude": 23.745134607489288
      },
      {
        "Latitude": 37.99087998580188,
        "Longitude": 23.749211108674533
      },
      {
        "Latitude": 37.980425003631645,
        "Longitude": 23.774406462253644
      },
      {
        "Latitude": 37.968127775961506,
        "Longitude": 23.765696128481192
      },
      {
        "Latitude": 37.97084443364998,
        "Longitude": 23.762333233736058
      },
      {
        "Latitude": 37.9958708529975,
        "Longitude": 23.739933338228052
      },
      {
        "Latitude": 37.985895694384375,
        "Longitude": 23.737839589797808
      },
      {
        "Latitude": 37.970030324792916,
        "Longitude": 23.73311895468314
      },
      {
        "Latitude": 37.99429095883577,
        "Longitude": 23.734976075144942
      },
      {
        "Latitude": 37.984514526857794,
        "Longitude": 23.74370977811307
      },
      {
        "Latitude": 37.97633261102373,
        "Longitude": 23.755586220617158
      },
      {
        "Latitude": 37.98430619779284,
        "Longitude": 23.734480861412905
      },
      {
        "Latitude": 37.988876884415134,
        "Longitude": 23.738096114896173
      },
      {
        "Latitude": 37.98101156796975,
        "Longitude": 23.750848362889418
      },
      {
        "Latitude": 37.98688946751846,
        "Longitude": 23.765359976319825
      },
      {
        "Latitude": 37.99702711582544,
        "Longitude": 23.748896225630535
      },
      {
        "Latitude": 37.994636965724084,
        "Longitude": 23.74877649641887
      },
      {
        "Latitude": 37.96487502700599,
        "Longitude": 23.744486965569333
      },
      {
        "Latitude": 37.96807738326784,
        "Longitude": 23.782741435062718
      },
      {
        "Latitude": 37.96488664275408,
        "Longitude": 23.777274686579677
      },
      {
        "Latitude": 37.996613617579186,
        "Longitude": 23.784354941963173
      },
      {
        "Latitude": 37.96565897677222,
        "Longitude": 23.734972471511593
      },
      {
        "Latitude": 37.99692902432722,
        "Longitude": 23.73885071103229
      },
      {
        "Latitude": 37.99731669140822,
        "Longitude": 23.787967669526495
      },
      {
        "Latitude": 37.98637790759529,
        "Longitude": 23.75175946131505
      },
      {
        "Latitude": 37.98923993827902,
        "Longitude": 23.763367910826453
      },
      {
        "Latitude": 37.96617217582052,
        "Longitude": 23.751806517413954
      },
      {
        "Latitude": 37.98039565764254,
        "Longitude": 23.732581135594977
      },
      {
        "Latitude": 37.989923798611535,
        "Longitude": 23.76557005750822
      },
      {
        "Latitude": 37.98798879597722,
        "Longitude": 23.7887225784667
      },
      {
        "Latitude": 37.989787985710564,
        "Longitude": 23.78456656216312
      },
      {
        "Latitude": 37.96075788246009,
        "Longitude": 23.779499916936295
      },
      {
        "Latitude": 37.960731866415685,
        "Longitude": 23.7590839228418
      },
      {
        "Latitude": 37.96907457389919,
        "Longitude": 23.771771330525002
      },
      {
        "Latitude": 37.98990119505548,
        "Longitude": 23.76608349267739
      },
      {
        "Latitude": 37.98798907710381,
        "Longitude": 23.759000935129453
      },
      {
        "Latitude": 37.997043545502166,
        "Longitude": 23.78633972281584
      },
      {
        "Latitude": 37.97916504332663,
        "Longitude": 23.76331824907051
      },
      {
        "Latitude": 37.98183447442974,
        "Longitude": 23.761352724578305
      },
      {
        "Latitude": 37.98147617133109,
        "Longitude": 23.775635089169633
      },
      {
        "Latitude": 37.990125129177386,
        "Longitude": 23.768132696022054
      },
      {
        "Latitude": 37.993804033922764,
        "Longitude": 23.76405962874495
      },
      {
        "Latitude": 37.963029859298075,
        "Longitude": 23.741077449115075
      },
      {
        "Latitude": 37.96506296684971,
        "Longitude": 23.759729132172488
      },
      {
        "Latitude": 37.99570573453514,
        "Longitude": 23.786082888812953
      },
      {
        "Latitude": 37.96001391796505,
        "Longitude": 23.780151866664113
      },
      {
        "Latitude": 37.995304329698314,
        "Longitude": 23.750134043059795
      },
      {
        "Latitude": 37.98584817491053,
        "Longitude": 23.77426601997654
      },
      {
        "Latitude": 37.98646625981711,
        "Longitude": 23.76138237653806
      },
      {
        "Latitude": 37.96977192285885,
        "Longitude": 23.753465452265626
      },
      {
        "Latitude": 37.98411174300142,
        "Longitude": 23.743060707619907
      },
      {
        "Latitude": 37.9785611654699,
        "Longitude": 23.749907517797464
      },
      {
        "Latitude": 37.97370135476977,
        "Longitude": 23.779725433276493
      },
      {
        "Latitude": 37.96488694066145,
        "Longitude": 23.78642673278746
      },
      {
        "Latitude": 37.996527204155306,
        "Longitude": 23.74290619433637
      },
      {
        "Latitude": 37.97281965996833,
        "Longitude": 23.778947877228074
      },
      {
        "Latitude": 37.96541846803108,
        "Longitude": 23.766552818535946
      },
      {
        "Latitude": 37.99259388335208,
        "Longitude": 23.769457394151114
      },
      {
        "Latitude": 37.96036231793154,
        "Longitude": 23.788762925233573
      },
      {
        "Latitude": 37.98277660855406,
        "Longitude": 23.748282060131135
      },
      {
        "Latitude": 37.96061970377107,
        "Longitude": 23.784369283653138
      },
      {
        "Latitude": 37.99271112021794,
        "Longitude": 23.738005268476677
      },
      {
        "Latitude": 37.970290727968795,
        "Longitude": 23.785714048800877
      },
      {
        "Latitude": 37.971989202639776,
        "Longitude": 23.746190151764477
      },
      {
        "Latitude": 37.975994869356015,
        "Longitude": 23.75095522034717
      },
      {
        "Latitude": 37.98090299523529,
        "Longitude": 23.74957399707373
      },
      {
        "Latitude": 37.98967163799096,
        "Longitude": 23.783025487363048
      },
      {
        "Latitude": 37.96122033439877,
        "Longitude": 23.768995417840703
      },
      {
        "Latitude": 37.99828344832652,
        "Longitude": 23.733801605809013
      },
      {
        "Latitude": 37.995753036650186,
        "Longitude": 23.739548445722956
      },
      {
        "Latitude": 37.97778266014907,
        "Longitude": 23.730189018158843
      },
      {
        "Latitude": 37.97485131192627,
        "Longitude": 23.770089557818103
      },
      {
        "Latitude": 37.9951143883461,
        "Longitude": 23.75387826550135
      },
      {
        "Latitude": 37.96601554762706,
        "Longitude": 23.73365819099985
      },
      {
        "Latitude": 37.99346668834704,
        "Longitude": 23.777408620047783
      },
      {
        "Latitude": 37.99170441627823,
        "Longitude": 23.73145258105095
      },
      {
        "Latitude": 37.994429567462376,
        "Longitude": 23.73339245369443
      },
      {
        "Latitude": 37.96430373819562,
        "Longitude": 23.78294191938222
      },
      {
        "Latitude": 37.97809875515421,
        "Longitude": 23.730860200480382
      },
      {
        "Latitude": 37.979553721424864,
        "Longitude": 23.77983417574709
      },
      {
        "Latitude": 37.98106188001561,
        "Longitude": 23.767970594516346
      },
      {
        "Latitude": 37.974018915815506,
        "Longitude": 23.78777665639513
      },
      {
        "Latitude": 37.97449020808706,
        "Longitude": 23.78033936748256
      },
      {
        "Latitude": 37.987302617304685,
        "Longitude": 23.761162098080394
      },
      {
        "Latitude": 37.99516947857885,
        "Longitude": 23.76952527661173
      },
      {
        "Latitude": 37.970523377428606,
        "Longitude": 23.74811208344029
      },
      {
        "Latitude": 37.967620252728636,
        "Longitude": 23.733127621070214
      },
      {
        "Latitude": 37.99771922312661,
        "Longitude": 23.733569187779203
      },
      {
        "Latitude": 37.99426094820557,
        "Longitude": 23.737879312979814
      },
      {
        "Latitude": 37.97877784671314,
        "Longitude": 23.771797119396194
      },
      {
        "Latitude": 37.983505112742606,
        "Longitude": 23.768099773423902
      },
      {
        "Latitude": 37.97891295997812,
        "Longitude": 23.734753131571768
      },
      {
        "Latitude": 37.98173493289015,
        "Longitude": 23.765840748226132
      },
      {
        "Latitude": 37.9702477283527,
        "Longitude": 23.761505362004467
      },
      {
        "Latitude": 37.98754248420142,
        "Longitude": 23.78489263620634
      },
      {
        "Latitude": 37.98307077084348,
        "Longitude": 23.77656535834922
      },
      {
        "Latitude": 37.96605655088872,
        "Longitude": 23.783798134230363
      },
      {
        "Latitude": 37.99725121536584,
        "Longitude": 23.77392660122106
      },
      {
        "Latitude": 37.96967362703439,
        "Longitude": 23.777721338130252
      },
      {
        "Latitude": 37.991725253705106,
        "Longitude": 23.779997869698942
      },
      {
        "Latitude": 37.96916821908166,
        "Longitude": 23.744573644089556
      },
      {
        "Latitude": 37.961858767674265,
        "Longitude": 23.74679563945893
      },
      {
        "Latitude": 37.98721786138532,
        "Longitude": 23.775204744976335
      },
      {
        "Latitude": 37.99371710953953,
        "Longitude": 23.742300154269067
      },
      {
        "Latitude": 37.961322900985124,
        "Longitude": 23.761411655539973
      },
      {
        "Latitude": 37.988880300593,
        "Longitude": 23.746538387382113
      },
      {
        "Latitude": 37.97226045789467,
        "Longitude": 23.749556956490803
      },
      {
        "Latitude": 37.99021553028313,
        "Longitude": 23.782089939620647
      },
      {
        "Latitude": 37.97827975412384,
        "Longitude": 23.77873850603796
      },
      {
        "Latitude": 37.98275568248601,
        "Longitude": 23.740960967452846
      },
      {
        "Latitude": 37.97623721846043,
        "Longitude": 23.78437289925062
      },
      {
        "Latitude": 37.9870777300286,
        "Longitude": 23.75793050594132
      },
      {
        "Latitude": 37.9970839348581,
        "Longitude": 23.7758187160025
      },
      {
        "Latitude": 37.97209120098398,
        "Longitude": 23.73291559926423
      },
      {
        "Latitude": 37.97145164077061,
        "Longitude": 23.746768441416734
      },
      {
        "Latitude": 37.99970568707478,
        "Longitude": 23.746163562307554
      },
      {
        "Latitude": 37.98898220552366,
        "Longitude": 23.732490517357267
      },
      {
        "Latitude": 37.99852808648034,
        "Longitude": 23.756082858198315
      },
      {
        "Latitude": 37.98703409723271,
        "Longitude": 23.730813381820322
      },
      {
        "Latitude": 37.97742765963293,
        "Longitude": 23.747486984800325
      },
      {
        "Latitude": 37.97322552359827,
        "Longitude": 23.739281413474608
      },
      {
        "Latitude": 37.98618705238644,
        "Longitude": 23.76590916101618
      },
      {
        "Latitude": 37.994142884170785,
        "Longitude": 23.78671259956326
      },
      {
        "Latitude": 37.97490817282811,
        "Longitude": 23.73330074078364
      },
      {
        "Latitude": 37.974361939946945,
        "Longitude": 23.774798685828774
      },
      {
        "Latitude": 37.97724605260455,
        "Longitude": 23.73242608821425
      },
      {
        "Latitude": 37.98111248362951,
        "Longitude": 23.767803769454517
      },
      {
        "Latitude": 37.973292952387666,
        "Longitude": 23.783660772117834
      },
      {
        "Latitude": 37.983194713851205,
        "Longitude": 23.77704728754625
      },
      {
        "Latitude": 37.963254730508915,
        "Longitude": 23.77240308089025
      },
      {
        "Latitude": 37.974664469335664,
        "Longitude": 23.773572394553327
      },
      {
        "Latitude": 37.970465055474534,
        "Longitude": 23.758542393585323
      },
      {
        "Latitude": 37.98815944501067,
        "Longitude": 23.784348813830746
      },
      {
        "Latitude": 37.97658119158868,
        "Longitude": 23.777161796764656
      },
      {
        "Latitude": 37.983869718646424,
        "Longitude": 23.77960601378912
      },
      {
        "Latitude": 37.960324403452134,
        "Longitude": 23.74199225515578
      },
      {
        "Latitude": 37.96148564760577,
        "Longitude": 23.75746586551261
      },
      {
        "Latitude": 37.96046389993027,
        "Longitude": 23.767534037676917
      },
      {
        "Latitude": 37.976914347385666,
        "Longitude": 23.730681070214434
      },
      {
        "Latitude": 37.99280193144728,
        "Longitude": 23.780209424724628
      },
      {
        "Latitude": 37.994801915021704,
        "Longitude": 23.74804578970513
      },
      {
        "Latitude": 37.994543796344104,
        "Longitude": 23.774493180610257
      },
      {
        "Latitude": 37.99620789134128,
        "Longitude": 23.73415359578493
      },
      {
        "Latitude": 37.96454781360766,
        "Longitude": 23.748152029907857
      },
      {
        "Latitude": 37.96696336591628,
        "Longitude": 23.7785650286327
      },
      {
        "Latitude": 37.981375373883694,
        "Longitude": 23.776341574841844
      },
      {
        "Latitude": 37.96399509082414,
        "Longitude": 23.745025092039473
      },
      {
        "Latitude": 37.98574879916963,
        "Longitude": 23.73566590544808
      },
      {
        "Latitude": 37.96560271497505,
        "Longitude": 23.74738525311006
      },
      {
        "Latitude": 37.96597559786564,
        "Longitude": 23.777985885386194
      },
      {
        "Latitude": 37.97313396995303,
        "Longitude": 23.73642684595576
      },
      {
        "Latitude": 37.97656380602443,
        "Longitude": 23.75334028547977
      },
      {
        "Latitude": 37.99603494611646,
        "Longitude": 23.755669452904357
      },
      {
        "Latitude": 37.972012936547294,
        "Longitude": 23.764735797419814
      },
      {
        "Latitude": 37.97279926390702,
        "Longitude": 23.730714742895643
      },
      {
        "Latitude": 37.98990887280176,
        "Longitude": 23.760959986131073
      },
      {
        "Latitude": 37.99772365063307,
        "Longitude": 23.7859330416316
      },
      {
        "Latitude": 37.978735014340714,
        "Longitude": 23.734870587177276
      },
      {
        "Latitude": 37.977998794419335,
        "Longitude": 23.765393851445236
      },
      {
        "Latitude": 37.97521561894871,
        "Longitude": 23.75579404484451
      },
      {
        "Latitude": 37.987157877910015,
        "Longitude": 23.754391866235235
      },
      {
        "Latitude": 37.965301179782195,
        "Longitude": 23.730176419747227
      },
      {
        "Latitude": 37.98155278292088,
        "Longitude": 23.74952661330842
      },
      {
        "Latitude": 37.98391549244234,
        "Longitude": 23.76607332179836
      },
      {
        "Latitude": 37.98371242082456,
        "Longitude": 23.778790343471446
      },
      {
        "Latitude": 37.9712137983118,
        "Longitude": 23.77474470667431
      },
      {
        "Latitude": 37.97442026823806,
        "Longitude": 23.788827627378197
      },
      {
        "Latitude": 37.97270626663378,
        "Longitude": 23.786335983983513
      },
      {
        "Latitude": 37.962578270808045,
        "Longitude": 23.756925063219718
      },
      {
        "Latitude": 37.96988364110538,
        "Longitude": 23.776203319328037
      },
      {
        "Latitude": 37.979307651066016,
        "Longitude": 23.7643608575641
      },
      {
        "Latitude": 37.96022519899405,
        "Longitude": 23.743366978757788
      },
      {
        "Latitude": 37.96285892490469,
        "Longitude": 23.7572313168815
      },
      {
        "Latitude": 37.9840378589553,
        "Longitude": 23.735979129988028
      },
      {
        "Latitude": 37.972999019033,
        "Longitude": 23.7487934551036
      },
      {
        "Latitude": 37.998130218592244,
        "Longitude": 23.738415805649275
      },
      {
        "Latitude": 37.97110115734033,
        "Longitude": 23.770767341806305
      },
      {
        "Latitude": 37.98630774438316,
        "Longitude": 23.76457171336158
      },
      {
        "Latitude": 37.98533025258727,
        "Longitude": 23.743277667328503
      },
      {
        "Latitude": 37.98663089727764,
        "Longitude": 23.751922287480966
      },
      {
        "Latitude": 37.96213624921148,
        "Longitude": 23.73190177357003
      },
      {
        "Latitude": 37.96715773348205,
        "Longitude": 23.78766500017387
      },
      {
        "Latitude": 37.98030987764171,
        "Longitude": 23.742342368777663
      },
      {
        "Latitude": 37.996626745686264,
        "Longitude": 23.749417428374713
      },
      {
        "Latitude": 37.98299812950688,
        "Longitude": 23.785160214011917
      },
      {
        "Latitude": 37.97984168897566,
        "Longitude": 23.751373544137607
      },
      {
        "Latitude": 37.980513930932005,
        "Longitude": 23.783048472871663
      },
      {
        "Latitude": 37.99346672046367,
        "Longitude": 23.77826715146023
      },
      {
        "Latitude": 37.96969362515521,
        "Longitude": 23.76993971444445
      },
      {
        "Latitude": 37.96291092637802,
        "Longitude": 23.735019938445763
      },
      {
        "Latitude": 37.97564996844097,
        "Longitude": 23.781420419359456
      },
      {
        "Latitude": 37.96254360842043,
        "Longitude": 23.76347638902939
      },
      {
        "Latitude": 37.982469593707606,
        "Longitude": 23.75377999810957
      },
      {
        "Latitude": 37.990222440928385,
        "Longitude": 23.744858015569633
      },
      {
        "Latitude": 37.98696324659012,
        "Longitude": 23.774106549783717
      },
      {
        "Latitude": 37.98672968437057,
        "Longitude": 23.73372143896546
      },
      {
        "Latitude": 37.9776976840967,
        "Longitude": 23.75708913272715
      },
      {
        "Latitude": 37.98770859992528,
        "Longitude": 23.730071958571205
      },
      {
        "Latitude": 37.9855106250397,
        "Longitude": 23.737016719467892
      },
      {
        "Latitude": 37.98293208814626,
        "Longitude": 23.784893523485213
      },
      {
        "Latitude": 37.99637080568768,
        "Longitude": 23.789713033160083
      },
      {
        "Latitude": 37.97573982593194,
        "Longitude": 23.737148768799585
      },
      {
        "Latitude": 37.989617086281335,
        "Longitude": 23.735915955762184
      },
      {
        "Latitude": 37.98193785426204,
        "Longitude": 23.762904321229946
      },
      {
        "Latitude": 37.98456499638653,
        "Longitude": 23.76403817848616
      },
      {
        "Latitude": 37.97119929949712,
        "Longitude": 23.787121778579476
      },
      {
        "Latitude": 37.979840621538685,
        "Longitude": 23.744147342454923
      },
      {
        "Latitude": 37.979187849508335,
        "Longitude": 23.772340731111136
      },
      {
        "Latitude": 37.98688197309647,
        "Longitude": 23.75041952901244
      },
      {
        "Latitude": 37.97929748126637,
        "Longitude": 23.781016304525334
      },
      {
        "Latitude": 37.98434104758538,
        "Longitude": 23.741222407613954
      },
      {
        "Latitude": 37.97122809705269,
        "Longitude": 23.75910875647575
      },
      {
        "Latitude": 37.990682340678724,
        "Longitude": 23.73295221497704
      },
      {
        "Latitude": 37.96917155977948,
        "Longitude": 23.749663937852503
      },
      {
        "Latitude": 37.974093019705116,
        "Longitude": 23.738811072546692
      },
      {
        "Latitude": 37.987053305099465,
        "Longitude": 23.75573400828286
      },
      {
        "Latitude": 37.98626857473396,
        "Longitude": 23.764165937330837
      },
      {
        "Latitude": 37.965118156904374,
        "Longitude": 23.732516043526395
      },
      {
        "Latitude": 37.96158326874043,
        "Longitude": 23.773331417530148
      },
      {
        "Latitude": 37.97214988590023,
        "Longitude": 23.77272238081428
      },
      {
        "Latitude": 37.96270310110146,
        "Longitude": 23.732236305051234
      },
      {
        "Latitude": 37.999799177325805,
        "Longitude": 23.73734653152755
      },
      {
        "Latitude": 37.99882290354355,
        "Longitude": 23.749803913071197
      },
      {
        "Latitude": 37.98637403441765,
        "Longitude": 23.783697422024858
      },
      {
        "Latitude": 37.987801095569644,
        "Longitude": 23.784272159989957
      },
      {
        "Latitude": 37.96913209420932,
        "Longitude": 23.749486914424434
      },
      {
        "Latitude": 37.96558938695068,
        "Longitude": 23.73367984014022
      },
      {
        "Latitude": 37.99034363615696,
        "Longitude": 23.778837596124085
      },
      {
        "Latitude": 37.98579153735027,
        "Longitude": 23.786032484303686
      },
      {
        "Latitude": 37.97012268263071,
        "Longitude": 23.775648620002208
      },
      {
        "Latitude": 37.98582698962625,
        "Longitude": 23.756651425379477
      },
      {
        "Latitude": 37.96493576650129,
        "Longitude": 23.776096333961398
      },
      {
        "Latitude": 37.96402066165324,
        "Longitude": 23.780874304175057
      },
      {
        "Latitude": 37.96764067637989,
        "Longitude": 23.776878162533897
      },
      {
        "Latitude": 37.968176281217545,
        "Longitude": 23.73906918283256
      },
      {
        "Latitude": 37.96794252848664,
        "Longitude": 23.757602541370776
      },
      {
        "Latitude": 37.96255740952325,
        "Longitude": 23.73146482002385
      },
      {
        "Latitude": 37.98973711633168,
        "Longitude": 23.739900214444976
      },
      {
        "Latitude": 37.98707957178951,
        "Longitude": 23.777907559125744
      },
      {
        "Latitude": 37.964281448182334,
        "Longitude": 23.73930468860506
      },
      {
        "Latitude": 37.99404445652121,
        "Longitude": 23.751498094728547
      },
      {
        "Latitude": 37.96382785654597,
        "Longitude": 23.741769251688794
      },
      {
        "Latitude": 37.98682749192518,
        "Longitude": 23.753173404231102
      },
      {
        "Latitude": 37.96659031396645,
        "Longitude": 23.758137102037853
      },
      {
        "Latitude": 37.97682582254623,
        "Longitude": 23.76271493454488
      },
      {
        "Latitude": 37.99951839123093,
        "Longitude": 23.78546155158956
      },
      {
        "Latitude": 37.97403472479706,
        "Longitude": 23.7503802733047
      },
      {
        "Latitude": 37.98196906967096,
        "Longitude": 23.784168991247544
      },
      {
        "Latitude": 37.97483406113457,
        "Longitude": 23.733909395915866
      },
      {
        "Latitude": 37.979503834115434,
        "Longitude": 23.786607360187105
      },
      {
        "Latitude": 37.985903347083344,
        "Longitude": 23.751300909926353
      },
      {
        "Latitude": 37.98407112992253,
        "Longitude": 23.789865230169497
      },
      {
        "Latitude": 37.99590701361752,
        "Longitude": 23.75375237046164
      },
      {
        "Latitude": 37.997843945178644,
        "Longitude": 23.757782308826396
      },
      {
        "Latitude": 37.99970515175796,
        "Longitude": 23.774794460178818
      },
      {
        "Latitude": 37.97366868948825,
        "Longitude": 23.75863927815792
      },
      {
        "Latitude": 37.97559349074193,
        "Longitude": 23.777076838133755
      },
      {
        "Latitude": 37.96829337773634,
        "Longitude": 23.76188643819935
      },
      {
        "Latitude": 37.98451506830962,
        "Longitude": 23.7520758270323
      },
      {
        "Latitude": 37.98745865880342,
        "Longitude": 23.768690435073225
      },
      {
        "Latitude": 37.97851476495312,
        "Longitude": 23.745086402081213
      },
      {
        "Latitude": 37.96771127444405,
        "Longitude": 23.763114701944932
      },
      {
        "Latitude": 37.99598411994677,
        "Longitude": 23.789689631231155
      },
      {
        "Latitude": 37.99738226508275,
        "Longitude": 23.739024242000728
      },
      {
        "Latitude": 37.97771922518939,
        "Longitude": 23.789976853599505
      },
      {
        "Latitude": 37.98904860453533,
        "Longitude": 23.78780142562378
      },
      {
        "Latitude": 37.96246990501332,
        "Longitude": 23.77085758797846
      },
      {
        "Latitude": 37.97573799004963,
        "Longitude": 23.782905524681116
      },
      {
        "Latitude": 37.97604610058439,
        "Longitude": 23.789687191897144
      },
      {
        "Latitude": 37.99146339664317,
        "Longitude": 23.7440524312569
      },
      {
        "Latitude": 37.97692759676215,
        "Longitude": 23.766126793880932
      },
      {
        "Latitude": 37.97145294838983,
        "Longitude": 23.750437077530762
      },
      {
        "Latitude": 37.97452735600492,
        "Longitude": 23.750759546482943
      },
      {
        "Latitude": 37.961249108651465,
        "Longitude": 23.778325400544173
      },
      {
        "Latitude": 37.9715188738874,
        "Longitude": 23.749545091990257
      },
      {
        "Latitude": 37.97971428327096,
        "Longitude": 23.76797344416503
      },
      {
        "Latitude": 37.993663310503976,
        "Longitude": 23.741563134471065
      },
      {
        "Latitude": 37.97932390621424,
        "Longitude": 23.747299155466234
      },
      {
        "Latitude": 37.97954855971616,
        "Longitude": 23.78748009458823
      },
      {
        "Latitude": 37.988193899319334,
        "Longitude": 23.75321572248377
      },
      {
        "Latitude": 37.978783983472375,
        "Longitude": 23.78680042312302
      },
      {
        "Latitude": 37.98320573475802,
        "Longitude": 23.77173578605219
      },
      {
        "Latitude": 37.960336153903725,
        "Longitude": 23.76671771043867
      },
      {
        "Latitude": 37.9923778438936,
        "Longitude": 23.75560308554636
      },
      {
        "Latitude": 37.96064665120925,
        "Longitude": 23.77852681624698
      },
      {
        "Latitude": 37.973572863289974,
        "Longitude": 23.75583378650211
      },
      {
        "Latitude": 37.97085099884651,
        "Longitude": 23.74410733567714
      },
      {
        "Latitude": 37.97963436660652,
        "Longitude": 23.742758411370936
      },
      {
        "Latitude": 37.961213652522645,
        "Longitude": 23.77241830770139
      },
      {
        "Latitude": 37.99250194394934,
        "Longitude": 23.74365127093712
      },
      {
        "Latitude": 37.968609061747465,
        "Longitude": 23.77876306657032
      },
      {
        "Latitude": 37.96197276351601,
        "Longitude": 23.747982758639125
      },
      {
        "Latitude": 37.97586752100154,
        "Longitude": 23.736511593244177
      },
      {
        "Latitude": 37.9845236626372,
        "Longitude": 23.7854605013614
      },
      {
        "Latitude": 37.968810758810314,
        "Longitude": 23.743552425836555
      },
      {
        "Latitude": 37.986419613541955,
        "Longitude": 23.779320134185262
      },
      {
        "Latitude": 37.998999796822694,
        "Longitude": 23.787016824250454
      },
      {
        "Latitude": 37.96126813950656,
        "Longitude": 23.758853075563934
      },
      {
        "Latitude": 37.975635424699696,
        "Longitude": 23.7720317783028
      },
      {
        "Latitude": 37.960724342861845,
        "Longitude": 23.776025580430954
      },
      {
        "Latitude": 37.973401286219904,
        "Longitude": 23.78505634924965
      },
      {
        "Latitude": 37.99343900014964,
        "Longitude": 23.74851724814959
      },
      {
        "Latitude": 37.961060187059616,
        "Longitude": 23.789346938221936
      },
      {
        "Latitude": 37.99720262912321,
        "Longitude": 23.7698420142477
      },
      {
        "Latitude": 37.99486345137271,
        "Longitude": 23.756784268959276
      },
      {
        "Latitude": 37.97362147031797,
        "Longitude": 23.78203487005107
      },
      {
        "Latitude": 37.96121615539106,
        "Longitude": 23.787710049651196
      },
      {
        "Latitude": 37.99745050621153,
        "Longitude": 23.78746615442307
      },
      {
        "Latitude": 37.9707106002541,
        "Longitude": 23.766342055203737
      },
      {
        "Latitude": 37.97297423935524,
        "Longitude": 23.77613674376479
      },
      {
        "Latitude": 37.99639232827284,
        "Longitude": 23.736497850324515
      },
      {
        "Latitude": 37.97117124142119,
        "Longitude": 23.772649159217387
      },
      {
        "Latitude": 37.988201746824096,
        "Longitude": 23.74178363348755
      },
      {
        "Latitude": 37.98114431632283,
        "Longitude": 23.772707589680145
      },
      {
        "Latitude": 37.99910266999339,
        "Longitude": 23.74784298629054
      },
      {
        "Latitude": 37.98152488623406,
        "Longitude": 23.774753308393652
      },
      {
        "Latitude": 37.99059430444229,
        "Longitude": 23.78700325706671
      },
      {
        "Latitude": 37.992576136113115,
        "Longitude": 23.769579166977486
      },
      {
        "Latitude": 37.98728646864955,
        "Longitude": 23.784093596453157
      },
      {
        "Latitude": 37.9751961634952,
        "Longitude": 23.766433341726163
      },
      {
        "Latitude": 37.96659373397203,
        "Longitude": 23.742979548641326
      },
      {
        "Latitude": 37.96925002741833,
        "Longitude": 23.741698924598023
      },
      {
        "Latitude": 37.99965225529382,
        "Longitude": 23.754852879185922
      },
      {
        "Latitude": 37.9608668460855,
        "Longitude": 23.736286260727923
      },
      {
        "Latitude": 37.96452299850615,
        "Longitude": 23.765796905389415
      },
      {
        "Latitude": 37.985557513735046,
        "Longitude": 23.78117740340725
      },
      {
        "Latitude": 37.97777117538506,
        "Longitude": 23.75129128477641
      },
      {
        "Latitude": 37.966034080076554,
        "Longitude": 23.781026606746583
      },
      {
        "Latitude": 37.998457040911596,
        "Longitude": 23.740246346111537
      },
      {
        "Latitude": 37.99678736923377,
        "Longitude": 23.7739015278563
      },
      {
        "Latitude": 37.99456427213165,
        "Longitude": 23.77216219788325
      },
      {
        "Latitude": 37.99720739832679,
        "Longitude": 23.771924489548592
      },
      {
        "Latitude": 37.96560901870064,
        "Longitude": 23.76120417667551
      },
      {
        "Latitude": 37.969450720749876,
        "Longitude": 23.734011192896876
      },
      {
        "Latitude": 37.96276597529585,
        "Longitude": 23.741807368992017
      },
      {
        "Latitude": 37.97935616115969,
        "Longitude": 23.74776234468568
      },
      {
        "Latitude": 37.96921582875244,
        "Longitude": 23.76413257662003
      },
      {
        "Latitude": 37.96646140693355,
        "Longitude": 23.733716355594826
      },
      {
        "Latitude": 37.96105864951113,
        "Longitude": 23.74705485013023
      },
      {
        "Latitude": 37.98071083235612,
        "Longitude": 23.773350923439796
      },
      {
        "Latitude": 37.99993613122955,
        "Longitude": 23.788829589748506
      },
      {
        "Latitude": 37.96562858531653,
        "Longitude": 23.785528295180594
      },
      {
        "Latitude": 37.98220667237667,
        "Longitude": 23.745525234055496
      },
      {
        "Latitude": 37.99865833281468,
        "Longitude": 23.778353640543834
      },
      {
        "Latitude": 37.97454914782033,
        "Longitude": 23.7609167741626
      },
      {
        "Latitude": 37.97753126207383,
        "Longitude": 23.7579250447796
      },
      {
        "Latitude": 37.975758421073174,
        "Longitude": 23.74449900274301
      },
      {
        "Latitude": 37.96138701290764,
        "Longitude": 23.73932481322789
      },
      {
        "Latitude": 37.987221979961596,
        "Longitude": 23.75977908936209
      },
      {
        "Latitude": 37.96718836814926,
        "Longitude": 23.75036136902414
      },
      {
        "Latitude": 37.99559741384724,
        "Longitude": 23.775884865180068
      },
      {
        "Latitude": 37.98035442979576,
        "Longitude": 23.737366899901417
      },
      {
        "Latitude": 37.98627186791725,
        "Longitude": 23.784769636334143
      },
      {
        "Latitude": 37.964559321000216,
        "Longitude": 23.76437288603427
      },
      {
        "Latitude": 37.99795107033729,
        "Longitude": 23.73638769038926
      },
      {
        "Latitude": 37.97583797940575,
        "Longitude": 23.77736826564369
      },
      {
        "Latitude": 37.98636556937113,
        "Longitude": 23.751813177900313
      },
      {
        "Latitude": 37.963628471277836,
        "Longitude": 23.747749983297613
      },
      {
        "Latitude": 37.97737225535496,
        "Longitude": 23.75887012441233
      },
      {
        "Latitude": 37.97265114547354,
        "Longitude": 23.776688453718645
      },
      {
        "Latitude": 37.96798205465253,
        "Longitude": 23.76953122544231
      },
      {
        "Latitude": 37.984981579000525,
        "Longitude": 23.777617650798682
      },
      {
        "Latitude": 37.96936971864354,
        "Longitude": 23.750172553947657
      },
      {
        "Latitude": 37.97357908295902,
        "Longitude": 23.760674254037358
      },
      {
        "Latitude": 37.99057641265993,
        "Longitude": 23.75556548751529
      },
      {
        "Latitude": 37.98539505074687,
        "Longitude": 23.776386652386854
      },
      {
        "Latitude": 37.9643237488713,
        "Longitude": 23.739394007112224
      },
      {
        "Latitude": 37.96979112263014,
        "Longitude": 23.77512120227091
      },
      {
        "Latitude": 37.99625217892136,
        "Longitude": 23.78463704103251
      },
      {
        "Latitude": 37.99881662758685,
        "Longitude": 23.78624920671872
      },
      {
        "Latitude": 37.98798675008815,
        "Longitude": 23.755316079989775
      },
      {
        "Latitude": 37.9760831186884,
        "Longitude": 23.741370270211206
      },
      {
        "Latitude": 37.99271567588193,
        "Longitude": 23.741992924695822
      },
      {
        "Latitude": 37.96034960900941,
        "Longitude": 23.73272318897772
      },
      {
        "Latitude": 37.97928975893421,
        "Longitude": 23.74138830261597
      },
      {
        "Latitude": 37.99799162990426,
        "Longitude": 23.76565506743505
      },
      {
        "Latitude": 37.98330807352222,
        "Longitude": 23.761555488755846
      },
      {
        "Latitude": 37.97300795233794,
        "Longitude": 23.76597933566265
      },
      {
        "Latitude": 37.99606238613693,
        "Longitude": 23.75181515152947
      },
      {
        "Latitude": 37.982950512651804,
        "Longitude": 23.778127865290376
      },
      {
        "Latitude": 37.97368652117777,
        "Longitude": 23.776044676586416
      },
      {
        "Latitude": 37.97750384268053,
        "Longitude": 23.741059104621705
      },
      {
        "Latitude": 37.96506328453552,
        "Longitude": 23.7585801373373
      },
      {
        "Latitude": 37.98228134092961,
        "Longitude": 23.737780771230234
      },
      {
        "Latitude": 37.99400734464294,
        "Longitude": 23.769438430335082
      },
      {
        "Latitude": 37.97421238508166,
        "Longitude": 23.767238610977063
      },
      {
        "Latitude": 37.97376916794949,
        "Longitude": 23.788126319397694
      },
      {
        "Latitude": 37.98724797779156,
        "Longitude": 23.755457549653332
      },
      {
        "Latitude": 37.98756582152841,
        "Longitude": 23.767815706371934
      },
      {
        "Latitude": 37.984699731621994,
        "Longitude": 23.750636250976466
      },
      {
        "Latitude": 37.96227895396543,
        "Longitude": 23.76310364487824
      },
      {
        "Latitude": 37.97718247547277,
        "Longitude": 23.75513054303845
      },
      {
        "Latitude": 37.977831534018165,
        "Longitude": 23.749327867500593
      },
      {
        "Latitude": 37.96824558430134,
        "Longitude": 23.7637613081612
      },
      {
        "Latitude": 37.98231753400066,
        "Longitude": 23.741748498517165
      },
      {
        "Latitude": 37.97824980785185,
        "Longitude": 23.767831910994257
      },
      {
        "Latitude": 37.99768224634132,
        "Longitude": 23.755165565544857
      },
      {
        "Latitude": 37.99926568852687,
        "Longitude": 23.74352980392879
      },
      {
        "Latitude": 37.96091564961061,
        "Longitude": 23.734305224088757
      },
      {
        "Latitude": 37.96520913166803,
        "Longitude": 23.76338516878362
      },
      {
        "Latitude": 37.970247356111074,
        "Longitude": 23.74619512742863
      },
      {
        "Latitude": 37.98100621777469,
        "Longitude": 23.78003081071619
      },
      {
        "Latitude": 37.97567313844659,
        "Longitude": 23.788133091354744
      },
      {
        "Latitude": 37.974404029432506,
        "Longitude": 23.739643092617342
      },
      {
        "Latitude": 37.996434833380945,
        "Longitude": 23.779833886894007
      },
      {
        "Latitude": 37.99898221730377,
        "Longitude": 23.762046976904905
      },
      {
        "Latitude": 37.967578448404865,
        "Longitude": 23.75264907514191
      },
      {
        "Latitude": 37.98171524972296,
        "Longitude": 23.755061046725945
      },
      {
        "Latitude": 37.98673260167165,
        "Longitude": 23.779188460649753
      },
      {
        "Latitude": 37.964081114807186,
        "Longitude": 23.769967931813568
      },
      {
        "Latitude": 37.99786535798347,
        "Longitude": 23.733741172619645
      },
      {
        "Latitude": 37.97076224681417,
        "Longitude": 23.769286299020546
      },
      {
        "Latitude": 37.99336455540154,
        "Longitude": 23.77126644340451
      },
      {
        "Latitude": 37.98241675046112,
        "Longitude": 23.783956665009995
      },
      {
        "Latitude": 37.988203709201386,
        "Longitude": 23.7540476470598
      },
      {
        "Latitude": 37.96283337548129,
        "Longitude": 23.7408445866931
      },
      {
        "Latitude": 37.99847135187997,
        "Longitude": 23.783492004957566
      },
      {
        "Latitude": 37.981890331154034,
        "Longitude": 23.772835987182354
      },
      {
        "Latitude": 37.967052633063886,
        "Longitude": 23.749036658017516
      },
      {
        "Latitude": 37.968784586724006,
        "Longitude": 23.75310912149804
      },
      {
        "Latitude": 37.97295288254363,
        "Longitude": 23.77303102204962
      },
      {
        "Latitude": 37.97265756549264,
        "Longitude": 23.737564004780737
      },
      {
        "Latitude": 37.96703641318792,
        "Longitude": 23.75377441010079
      },
      {
        "Latitude": 37.98172081135099,
        "Longitude": 23.757556482693996
      },
      {
        "Latitude": 37.97951112448751,
        "Longitude": 23.78752629316065
      },
      {
        "Latitude": 37.96149146044093,
        "Longitude": 23.762923071700634
      },
      {
        "Latitude": 37.97012977290488,
        "Longitude": 23.78619797698754
      },
      {
        "Latitude": 37.99016653656554,
        "Longitude": 23.7630137565016
      },
      {
        "Latitude": 37.99562713986336,
        "Longitude": 23.752663633099054
      },
      {
        "Latitude": 37.96506087941126,
        "Longitude": 23.73999703598018
      },
      {
        "Latitude": 37.99728173937568,
        "Longitude": 23.767234144371688
      },
      {
        "Latitude": 37.99056864037377,
        "Longitude": 23.75978349507817
      },
      {
        "Latitude": 37.967882058488996,
        "Longitude": 23.772741685455934
      },
      {
        "Latitude": 37.97939140474308,
        "Longitude": 23.74005438727843
      },
      {
        "Latitude": 37.968594669112456,
        "Longitude": 23.73117764636592
      },
      {
        "Latitude": 37.984154277926,
        "Longitude": 23.74119420276446
      },
      {
        "Latitude": 37.97911119296703,
        "Longitude": 23.780808895519257
      },
      {
        "Latitude": 37.96043958630436,
        "Longitude": 23.76659291489152
      },
      {
        "Latitude": 37.96281894094763,
        "Longitude": 23.78249820556991
      },
      {
        "Latitude": 37.973209196946726,
        "Longitude": 23.748549761050455
      },
      {
        "Latitude": 37.9850205020933,
        "Longitude": 23.779062913293597
      },
      {
        "Latitude": 37.98284189095022,
        "Longitude": 23.74210511687771
      },
      {
        "Latitude": 37.97571009667079,
        "Longitude": 23.73746643678613
      },
      {
        "Latitude": 37.976481780521674,
        "Longitude": 23.730651878646743
      },
      {
        "Latitude": 37.96933642102267,
        "Longitude": 23.770319811646452
      },
      {
        "Latitude": 37.98766994124793,
        "Longitude": 23.7325096010666
      },
      {
        "Latitude": 37.999289422620244,
        "Longitude": 23.76336023332378
      },
      {
        "Latitude": 37.993003082263066,
        "Longitude": 23.750923448054724
      },
      {
        "Latitude": 37.969370281565986,
        "Longitude": 23.73163554707749
      },
      {
        "Latitude": 37.97234007041666,
        "Longitude": 23.766365438622483
      },
      {
        "Latitude": 37.98670007980783,
        "Longitude": 23.75020409457993
      },
      {
        "Latitude": 37.97017743811532,
        "Longitude": 23.74079464456667
      },
      {
        "Latitude": 37.96811083862633,
        "Longitude": 23.748908437008193
      },
      {
        "Latitude": 37.985748743197476,
        "Longitude": 23.758722533015877
      },
      {
        "Latitude": 37.97702937538385,
        "Longitude": 23.746542224238333
      },
      {
        "Latitude": 37.98229932591067,
        "Longitude": 23.76881864384095
      },
      {
        "Latitude": 37.96946768703163,
        "Longitude": 23.743144315506605
      },
      {
        "Latitude": 37.99292896865965,
        "Longitude": 23.778049288182373
      },
      {
        "Latitude": 37.96657367821076,
        "Longitude": 23.7716562032159
      },
      {
        "Latitude": 37.96061697843801,
        "Longitude": 23.737228187572025
      },
      {
        "Latitude": 37.9603815529743,
        "Longitude": 23.7488539407566
      },
      {
        "Latitude": 37.9857705553575,
        "Longitude": 23.77312425469051
      },
      {
        "Latitude": 37.97725924938723,
        "Longitude": 23.75641283837365
      },
      {
        "Latitude": 37.970308177982076,
        "Longitude": 23.744371653563626
      },
      {
        "Latitude": 37.96527353222244,
        "Longitude": 23.768153053127833
      },
      {
        "Latitude": 37.99734029031335,
        "Longitude": 23.733989311537982
      },
      {
        "Latitude": 37.97465453773729,
        "Longitude": 23.777116072213033
      },
      {
        "Latitude": 37.97057625746498,
        "Longitude": 23.753158286709887
      },
      {
        "Latitude": 37.99572112209263,
        "Longitude": 23.74886121992638
      },
      {
        "Latitude": 37.994059192460966,
        "Longitude": 23.762834786855375
      },
      {
        "Latitude": 37.97960359306203,
        "Longitude": 23.785109004004962
      },
      {
        "Latitude": 37.962915187736876,
        "Longitude": 23.776049639644764
      },
      {
        "Latitude": 37.9695864174137,
        "Longitude": 23.767587785628145
      },
      {
        "Latitude": 37.991703327491265,
        "Longitude": 23.78411693473317
      },
      {
        "Latitude": 37.97702135997617,
        "Longitude": 23.78974012598376
      },
      {
        "Latitude": 37.9849357073125,
        "Longitude": 23.754783692797947
      },
      {
        "Latitude": 37.98054750736041,
        "Longitude": 23.782768623791345
      },
      {
        "Latitude": 37.98330511952524,
        "Longitude": 23.77554643374325
      },
      {
        "Latitude": 37.99465273140616,
        "Longitude": 23.78384791164041
      },
      {
        "Latitude": 37.99811616802086,
        "Longitude": 23.754673487656333
      },
      {
        "Latitude": 37.97817289260324,
        "Longitude": 23.775104862259173
      },
      {
        "Latitude": 37.96260676645091,
        "Longitude": 23.780019708107254
      },
      {
        "Latitude": 37.972914330138046,
        "Longitude": 23.74277957370902
      },
      {
        "Latitude": 37.97294416829133,
        "Longitude": 23.74623991121667
      },
      {
        "Latitude": 37.984356663133255,
        "Longitude": 23.76604188141288
      },
      {
        "Latitude": 37.968953533932,
        "Longitude": 23.74625693216592
      },
      {
        "Latitude": 37.96009911474278,
        "Longitude": 23.78736428777536
      },
      {
        "Latitude": 37.9802362123617,
        "Longitude": 23.78871883006856
      },
      {
        "Latitude": 37.99664598797165,
        "Longitude": 23.742940442290315
      },
      {
        "Latitude": 37.98088249119339,
        "Longitude": 23.738438348560734
      },
      {
        "Latitude": 37.97336893374701,
        "Longitude": 23.75848562932949
      },
      {
        "Latitude": 37.96911218506332,
        "Longitude": 23.73706535619066
      },
      {
        "Latitude": 37.98540022619867,
        "Longitude": 23.74196594468835
      },
      {
        "Latitude": 37.960907527326285,
        "Longitude": 23.757361422994382
      },
      {
        "Latitude": 37.97926091433291,
        "Longitude": 23.77610632442331
      },
      {
        "Latitude": 37.986680234436854,
        "Longitude": 23.756599949872108
      },
      {
        "Latitude": 37.961903108082744,
        "Longitude": 23.7739754386109
      },
      {
        "Latitude": 37.9849314314101,
        "Longitude": 23.74695994483146
      },
      {
        "Latitude": 37.96460212328014,
        "Longitude": 23.77614676993868
      },
      {
        "Latitude": 37.99694482832544,
        "Longitude": 23.773769935311
      },
      {
        "Latitude": 37.9633672178934,
        "Longitude": 23.78082498843139
      },
      {
        "Latitude": 37.991438479725716,
        "Longitude": 23.738781176749736
      },
      {
        "Latitude": 37.96274438201313,
        "Longitude": 23.74758764076287
      },
      {
        "Latitude": 37.9972591314617,
        "Longitude": 23.780833261634285
      },
      {
        "Latitude": 37.99606685465924,
        "Longitude": 23.753643245645502
      },
      {
        "Latitude": 37.995944133850145,
        "Longitude": 23.776535328829375
      },
      {
        "Latitude": 37.97183092559772,
        "Longitude": 23.74085437722225
      },
      {
        "Latitude": 37.981772673353376,
        "Longitude": 23.782868516804584
      },
      {
        "Latitude": 37.996440852285104,
        "Longitude": 23.787458540758447
      },
      {
        "Latitude": 37.976245344063656,
        "Longitude": 23.736378737996052
      },
      {
        "Latitude": 37.96892241022048,
        "Longitude": 23.783915328470332
      },
      {
        "Latitude": 37.978478122361004,
        "Longitude": 23.74927986976044
      },
      {
        "Latitude": 37.99531188110789,
        "Longitude": 23.766578456593876
      },
      {
        "Latitude": 37.96640144428613,
        "Longitude": 23.733853946019508
      },
      {
        "Latitude": 37.975789524173635,
        "Longitude": 23.74500240768974
      },
      {
        "Latitude": 37.97444988531526,
        "Longitude": 23.74093532069631
      },
      {
        "Latitude": 37.9726419379417,
        "Longitude": 23.767278327086224
      },
      {
        "Latitude": 37.968803366714326,
        "Longitude": 23.775425732846145
      },
      {
        "Latitude": 37.96294348864434,
        "Longitude": 23.776032598092264
      },
      {
        "Latitude": 37.99983028416658,
        "Longitude": 23.776441291777008
      },
      {
        "Latitude": 37.961225145005706,
        "Longitude": 23.737851510999995
      },
      {
        "Latitude": 37.98537719557042,
        "Longitude": 23.779567809439936
      },
      {
        "Latitude": 37.99618842961904,
        "Longitude": 23.762326736011957
      },
      {
        "Latitude": 37.968154291738614,
        "Longitude": 23.742907100401556
      },
      {
        "Latitude": 37.98364603866045,
        "Longitude": 23.765652348564107
      },
      {
        "Latitude": 37.96776654290207,
        "Longitude": 23.733923693147077
      },
      {
        "Latitude": 37.997082730323115,
        "Longitude": 23.772258943020805
      },
      {
        "Latitude": 37.995266769953574,
        "Longitude": 23.7667700702559
      },
      {
        "Latitude": 37.960839013837926,
        "Longitude": 23.757378073067688
      },
      {
        "Latitude": 37.9866808409013,
        "Longitude": 23.740856407056366
      },
      {
        "Latitude": 37.99524558403498,
        "Longitude": 23.764909164984967
      },
      {
        "Latitude": 37.993147420520344,
        "Longitude": 23.76890598166571
      },
      {
        "Latitude": 37.99651873107021,
        "Longitude": 23.730024780766698
      },
      {
        "Latitude": 37.98073442211549,
        "Longitude": 23.77681234769941
      },
      {
        "Latitude": 37.99881187512369,
        "Longitude": 23.782375064840178
      },
      {
        "Latitude": 37.995487937817025,
        "Longitude": 23.75493268697884
      },
      {
        "Latitude": 37.97483195965966,
        "Longitude": 23.766069682516804
      },
      {
        "Latitude": 37.985772351763316,
        "Longitude": 23.76952280555362
      },
      {
        "Latitude": 37.97085908006705,
        "Longitude": 23.73686017286468
      },
      {
        "Latitude": 37.985483735873665,
        "Longitude": 23.7418725608302
      },
      {
        "Latitude": 37.97841190168516,
        "Longitude": 23.75119882159122
      },
      {
        "Latitude": 37.96960555082114,
        "Longitude": 23.738594731805627
      },
      {
        "Latitude": 37.99804779925553,
        "Longitude": 23.76292375499998
      },
      {
        "Latitude": 37.98970456888602,
        "Longitude": 23.758882390967965
      },
      {
        "Latitude": 37.98779503545987,
        "Longitude": 23.75697666910298
      },
      {
        "Latitude": 37.967863076249664,
        "Longitude": 23.7462633329931
      },
      {
        "Latitude": 37.96310867643819,
        "Longitude": 23.772662654657264
      },
      {
        "Latitude": 37.99932862391045,
        "Longitude": 23.732954651826045
      },
      {
        "Latitude": 37.9687375504229,
        "Longitude": 23.76931254757533
      },
      {
        "Latitude": 37.973015257825246,
        "Longitude": 23.731008636686063
      },
      {
        "Latitude": 37.99265233098788,
        "Longitude": 23.744507545814667
      },
      {
        "Latitude": 37.97062027696978,
        "Longitude": 23.75175741593683
      },
      {
        "Latitude": 37.99428496627763,
        "Longitude": 23.7787404787302
      },
      {
        "Latitude": 37.99728741712723,
        "Longitude": 23.784085030944173
      },
      {
        "Latitude": 37.99257773590933,
        "Longitude": 23.749956475798484
      },
      {
        "Latitude": 37.98412927264964,
        "Longitude": 23.74251709445417
      },
      {
        "Latitude": 37.992887260991516,
        "Longitude": 23.74276203040223
      },
      {
        "Latitude": 37.98524885557692,
        "Longitude": 23.736793792400032
      },
      {
        "Latitude": 37.99616364453478,
        "Longitude": 23.781344106613922
      },
      {
        "Latitude": 37.97850455607125,
        "Longitude": 23.73450277131985
      },
      {
        "Latitude": 37.99010699858275,
        "Longitude": 23.772028787049216
      },
      {
        "Latitude": 37.97415432424434,
        "Longitude": 23.768656852116006
      },
      {
        "Latitude": 37.99372662638507,
        "Longitude": 23.786448283246646
      },
      {
        "Latitude": 37.98030554876056,
        "Longitude": 23.787744276476577
      },
      {
        "Latitude": 37.981172390111766,
        "Longitude": 23.787215697173682
      },
      {
        "Latitude": 37.97535009391664,
        "Longitude": 23.758298763614036
      },
      {
        "Latitude": 37.96595975554025,
        "Longitude": 23.76094804142984
      },
      {
        "Latitude": 37.97135717436516,
        "Longitude": 23.762096185605134
      },
      {
        "Latitude": 37.98285479208163,
        "Longitude": 23.757739406242774
      },
      {
        "Latitude": 37.96920927070707,
        "Longitude": 23.74306783758435
      },
      {
        "Latitude": 37.992148380663565,
        "Longitude": 23.74410136744972
      },
      {
        "Latitude": 37.986274642113514,
        "Longitude": 23.730879447512777
      },
      {
        "Latitude": 37.972469413097265,
        "Longitude": 23.73771104802056
      },
      {
        "Latitude": 37.968995303853504,
        "Longitude": 23.77310086137148
      },
      {
        "Latitude": 37.96208679786956,
        "Longitude": 23.763405177955338
      },
      {
        "Latitude": 37.96895471480841,
        "Longitude": 23.751241453188456
      },
      {
        "Latitude": 37.99051807108676,
        "Longitude": 23.789298153774357
      },
      {
        "Latitude": 37.99114204998326,
        "Longitude": 23.743035855503077
      },
      {
        "Latitude": 37.97345174926889,
        "Longitude": 23.749971080112275
      },
      {
        "Latitude": 37.99258424773585,
        "Longitude": 23.758206483675522
      },
      {
        "Latitude": 37.98824098890327,
        "Longitude": 23.757580735992715
      },
      {
        "Latitude": 37.98516338295827,
        "Longitude": 23.761325252983582
      },
      {
        "Latitude": 37.96358479080591,
        "Longitude": 23.755380865819063
      },
      {
        "Latitude": 37.97887899268137,
        "Longitude": 23.74415733282579
      },
      {
        "Latitude": 37.97235693153003,
        "Longitude": 23.773877644401406
      },
      {
        "Latitude": 37.966710311583036,
        "Longitude": 23.781320741879746
      },
      {
        "Latitude": 37.97046707604003,
        "Longitude": 23.740033570868516
      },
      {
        "Latitude": 37.96892928302,
        "Longitude": 23.783926507640057
      },
      {
        "Latitude": 37.99654312446829,
        "Longitude": 23.75756260989788
      },
      {
        "Latitude": 37.98682800827463,
        "Longitude": 23.78079713781461
      },
      {
        "Latitude": 37.99180460970287,
        "Longitude": 23.7455032874087
      },
      {
        "Latitude": 37.96814602217932,
        "Longitude": 23.768471505169348
      },
      {
        "Latitude": 37.96863979055838,
        "Longitude": 23.76315045640047
      },
      {
        "Latitude": 37.9861581459572,
        "Longitude": 23.74501311956316
      },
      {
        "Latitude": 37.99248441793697,
        "Longitude": 23.756356349901967
      },
      {
        "Latitude": 37.9958696410499,
        "Longitude": 23.73434584092713
      },
      {
        "Latitude": 37.98807552415688,
        "Longitude": 23.765990235019583
      },
      {
        "Latitude": 37.961930337632595,
        "Longitude": 23.737126166305696
      },
      {
        "Latitude": 37.96919136291032,
        "Longitude": 23.769619254345162
      },
      {
        "Latitude": 37.96891924203213,
        "Longitude": 23.769132893634296
      },
      {
        "Latitude": 37.99628367045306,
        "Longitude": 23.743587170378216
      },
      {
        "Latitude": 37.96094805300457,
        "Longitude": 23.779551900920463
      },
      {
        "Latitude": 37.98561329520285,
        "Longitude": 23.761316765777437
      },
      {
        "Latitude": 37.98258039135865,
        "Longitude": 23.73072373026791
      },
      {
        "Latitude": 37.96461859512083,
        "Longitude": 23.768895895529088
      },
      {
        "Latitude": 37.98771545471241,
        "Longitude": 23.762951214500642
      },
      {
        "Latitude": 37.997484474872586,
        "Longitude": 23.761912991715192
      },
      {
        "Latitude": 37.99341607726434,
        "Longitude": 23.73736094945825
      },
      {
        "Latitude": 37.97690997808307,
        "Longitude": 23.777672589503958
      },
      {
        "Latitude": 37.967380007108254,
        "Longitude": 23.78417533122457
      },
      {
        "Latitude": 37.99138332008841,
        "Longitude": 23.757942521110497
      },
      {
        "Latitude": 37.98332000725565,
        "Longitude": 23.785119412347214
      },
      {
        "Latitude": 37.971201243091606,
        "Longitude": 23.780427873283323
      },
      {
        "Latitude": 37.9654421893408,
        "Longitude": 23.78703470516207
      },
      {
        "Latitude": 37.98869277261984,
        "Longitude": 23.750538874851717
      },
      {
        "Latitude": 37.98695993327796,
        "Longitude": 23.771221706939297
      },
      {
        "Latitude": 37.97930093376244,
        "Longitude": 23.737625972466475
      },
      {
        "Latitude": 37.96319825833429,
        "Longitude": 23.744623161102904
      },
      {
        "Latitude": 37.965693128998446,
        "Longitude": 23.762823624086867
      },
      {
        "Latitude": 37.98751488861099,
        "Longitude": 23.77676766970963
      },
      {
        "Latitude": 37.999089687774855,
        "Longitude": 23.761602534643462
      },
      {
        "Latitude": 37.97171790850896,
        "Longitude": 23.741581972679402
      },
      {
        "Latitude": 37.993143958434395,
        "Longitude": 23.7438301946668
      },
      {
        "Latitude": 37.96789987454316,
        "Longitude": 23.774776427966422
      },
      {
        "Latitude": 37.99903854775229,
        "Longitude": 23.784110660706713
      },
      {
        "Latitude": 37.99212367550408,
        "Longitude": 23.759631594910157
      },
      {
        "Latitude": 37.98811972601486,
        "Longitude": 23.76721253090791
      },
      {
        "Latitude": 37.96013066046819,
        "Longitude": 23.75070381220421
      },
      {
        "Latitude": 37.97013301028451,
        "Longitude": 23.740059834931884
      },
      {
        "Latitude": 37.98207428533617,
        "Longitude": 23.78625377202899
      },
      {
        "Latitude": 37.99638807158397,
        "Longitude": 23.773750997108216
      },
      {
        "Latitude": 37.96854118276779,
        "Longitude": 23.747938450962494
      },
      {
        "Latitude": 37.98859206830572,
        "Longitude": 23.78865066303455
      },
      {
        "Latitude": 37.97138262521007,
        "Longitude": 23.741242890186154
      },
      {
        "Latitude": 37.97507016377305,
        "Longitude": 23.73884722648127
      },
      {
        "Latitude": 37.97764436944876,
        "Longitude": 23.786910813755433
      },
      {
        "Latitude": 37.978030764454694,
        "Longitude": 23.747165314890864
      },
      {
        "Latitude": 37.985153686168886,
        "Longitude": 23.774319173175883
      },
      {
        "Latitude": 37.97742321461597,
        "Longitude": 23.769433082658107
      },
      {
        "Latitude": 37.96332563729169,
        "Longitude": 23.76707461432373
      },
      {
        "Latitude": 37.99052802901748,
        "Longitude": 23.75817455137997
      },
      {
        "Latitude": 37.99309733736716,
        "Longitude": 23.786312116309528
      },
      {
        "Latitude": 37.99679392130554,
        "Longitude": 23.767357785588604
      },
      {
        "Latitude": 37.98846654755011,
        "Longitude": 23.775914910432686
      },
      {
        "Latitude": 37.97837812851175,
        "Longitude": 23.778486340126516
      },
      {
        "Latitude": 37.96621594154285,
        "Longitude": 23.770096283486605
      },
      {
        "Latitude": 37.962108891171766,
        "Longitude": 23.7802985156038
      },
      {
        "Latitude": 37.97723987766149,
        "Longitude": 23.743931663868228
      },
      {
        "Latitude": 37.99348652021067,
        "Longitude": 23.755495225911762
      },
      {
        "Latitude": 37.98492327471495,
        "Longitude": 23.777214569115184
      },
      {
        "Latitude": 37.984905151632546,
        "Longitude": 23.776655252482783
      },
      {
        "Latitude": 37.9689713238235,
        "Longitude": 23.762120622725792
      },
      {
        "Latitude": 37.98306776709291,
        "Longitude": 23.773144918320742
      },
      {
        "Latitude": 37.99110818463621,
        "Longitude": 23.752948250009474
      },
      {
        "Latitude": 37.963909786207836,
        "Longitude": 23.767468853341537
      },
      {
        "Latitude": 37.98977221531379,
        "Longitude": 23.742595058039136
      },
      {
        "Latitude": 37.96257020467693,
        "Longitude": 23.77236550668123
      },
      {
        "Latitude": 37.99958019575102,
        "Longitude": 23.762529607432704
      },
      {
        "Latitude": 37.964237541285954,
        "Longitude": 23.77625001752795
      },
      {
        "Latitude": 37.97142209050201,
        "Longitude": 23.773595074857806
      },
      {
        "Latitude": 37.969273056697034,
        "Longitude": 23.77254107703093
      },
      {
        "Latitude": 37.988471243322664,
        "Longitude": 23.78670708875457
      },
      {
        "Latitude": 37.96885141507033,
        "Longitude": 23.751625525795802
      },
      {
        "Latitude": 37.978584607253374,
        "Longitude": 23.74670895334812
      },
      {
        "Latitude": 37.99566059584514,
        "Longitude": 23.747954643832653
      },
      {
        "Latitude": 37.9985835846663,
        "Longitude": 23.756197529474964
      },
      {
        "Latitude": 37.96058738202323,
        "Longitude": 23.774981359072967
      },
      {
        "Latitude": 37.9810993897358,
        "Longitude": 23.767406932944112
      },
      {
        "Latitude": 37.97185467752285,
        "Longitude": 23.76424792829696
      },
      {
        "Latitude": 37.963820277062005,
        "Longitude": 23.779432375322862
      },
      {
        "Latitude": 37.97850088395182,
        "Longitude": 23.758411336715415
      },
      {
        "Latitude": 37.9605356982194,
        "Longitude": 23.74063145788425
      },
      {
        "Latitude": 37.99291462542913,
        "Longitude": 23.753375702279417
      },
      {
        "Latitude": 37.97315616137308,
        "Longitude": 23.755259800065403
      },
      {
        "Latitude": 37.99142499586309,
        "Longitude": 23.738408584698558
      },
      {
        "Latitude": 37.98977067546188,
        "Longitude": 23.734149308573663
      },
      {
        "Latitude": 37.972697889022925,
        "Longitude": 23.74263733381319
      },
      {
        "Latitude": 37.97083371623555,
        "Longitude": 23.756667262890918
      },
      {
        "Latitude": 37.9691630558634,
        "Longitude": 23.734303727136886
      },
      {
        "Latitude": 37.97653647939229,
        "Longitude": 23.737578600279868
      },
      {
        "Latitude": 37.970496282400454,
        "Longitude": 23.733436006413818
      },
      {
        "Latitude": 37.96290385663201,
        "Longitude": 23.772553214344395
      },
      {
        "Latitude": 37.99978171486336,
        "Longitude": 23.788528795000854
      },
      {
        "Latitude": 37.997877624534304,
        "Longitude": 23.73130147709423
      },
      {
        "Latitude": 37.99188946896844,
        "Longitude": 23.773812652084086
      },
      {
        "Latitude": 37.968798781064606,
        "Longitude": 23.734422498609625
      },
      {
        "Latitude": 37.973605850714414,
        "Longitude": 23.754158656152686
      },
      {
        "Latitude": 37.99986951966666,
        "Longitude": 23.752168603225478
      },
      {
        "Latitude": 37.98326300323245,
        "Longitude": 23.774510019046648
      },
      {
        "Latitude": 37.97502509342646,
        "Longitude": 23.739774570639547
      },
      {
        "Latitude": 37.9733479960221,
        "Longitude": 23.787531908128567
      },
      {
        "Latitude": 37.96624447867368,
        "Longitude": 23.779145523728452
      },
      {
        "Latitude": 37.98273231158492,
        "Longitude": 23.747544705283513
      },
      {
        "Latitude": 37.9821203681007,
        "Longitude": 23.735219769361727
      },
      {
        "Latitude": 37.97693866962355,
        "Longitude": 23.7799300834769
      },
      {
        "Latitude": 37.98560452469521,
        "Longitude": 23.782526379254342
      },
      {
        "Latitude": 37.995617752190356,
        "Longitude": 23.73652186938429
      },
      {
        "Latitude": 37.98359375403271,
        "Longitude": 23.741600491143895
      },
      {
        "Latitude": 37.99859006999291,
        "Longitude": 23.77661321331155
      },
      {
        "Latitude": 37.97569678768488,
        "Longitude": 23.779512381617508
      },
      {
        "Latitude": 37.96866896328838,
        "Longitude": 23.765214523631563
      },
      {
        "Latitude": 37.97042794458671,
        "Longitude": 23.77673200986179
      },
      {
        "Latitude": 37.99701479002202,
        "Longitude": 23.735915309123683
      },
      {
        "Latitude": 37.96419389514989,
        "Longitude": 23.763203528908786
      },
      {
        "Latitude": 37.986100412624566,
        "Longitude": 23.743156652216292
      },
      {
        "Latitude": 37.99926481495196,
        "Longitude": 23.74349450253825
      },
      {
        "Latitude": 37.97853577919765,
        "Longitude": 23.733994752153766
      },
      {
        "Latitude": 37.97589674340078,
        "Longitude": 23.769514048405753
      },
      {
        "Latitude": 37.97080637028128,
        "Longitude": 23.76404746095706
      },
      {
        "Latitude": 37.97208312179451,
        "Longitude": 23.784540593338427
      },
      {
        "Latitude": 37.96159232487584,
        "Longitude": 23.77757890331701
      },
      {
        "Latitude": 37.97276956655585,
        "Longitude": 23.767455283481354
      },
      {
        "Latitude": 37.98260287366059,
        "Longitude": 23.779728783143497
      },
      {
        "Latitude": 37.97315700032463,
        "Longitude": 23.762710494353442
      },
      {
        "Latitude": 37.97129947070821,
        "Longitude": 23.737540359463832
      },
      {
        "Latitude": 37.985021644026574,
        "Longitude": 23.77865909316043
      },
      {
        "Latitude": 37.99687511154476,
        "Longitude": 23.782443547839648
      },
      {
        "Latitude": 37.97857596709239,
        "Longitude": 23.75899427394033
      },
      {
        "Latitude": 37.96405211500054,
        "Longitude": 23.773453464784563
      },
      {
        "Latitude": 37.99745190187766,
        "Longitude": 23.763599464022878
      },
      {
        "Latitude": 37.994216323290736,
        "Longitude": 23.761245276328108
      },
      {
        "Latitude": 37.99853362856905,
        "Longitude": 23.76995665020644
      },
      {
        "Latitude": 37.99627699591137,
        "Longitude": 23.74747383971224
      },
      {
        "Latitude": 37.97677627689037,
        "Longitude": 23.78497336214295
      },
      {
        "Latitude": 37.96496895587758,
        "Longitude": 23.761434260775776
      },
      {
        "Latitude": 37.967647031133104,
        "Longitude": 23.73891266064719
      },
      {
        "Latitude": 37.99889386843906,
        "Longitude": 23.731970145698906
      },
      {
        "Latitude": 37.99935440756844,
        "Longitude": 23.732022299837613
      },
      {
        "Latitude": 37.99777966910407,
        "Longitude": 23.75906526389745
      },
      {
        "Latitude": 37.98037529334198,
        "Longitude": 23.778224244313076
      },
      {
        "Latitude": 37.96699825731388,
        "Longitude": 23.78513154051623
      },
      {
        "Latitude": 37.99578790167104,
        "Longitude": 23.771266983843436
      },
      {
        "Latitude": 37.999994008096216,
        "Longitude": 23.734586670035903
      },
      {
        "Latitude": 37.982947028993195,
        "Longitude": 23.789939415607385
      },
      {
        "Latitude": 37.98367130907915,
        "Longitude": 23.75824245886433
      },
      {
        "Latitude": 37.97650271840916,
        "Longitude": 23.78002886024139
      },
      {
        "Latitude": 37.98046166476614,
        "Longitude": 23.747904514772898
      },
      {
        "Latitude": 37.96214653162885,
        "Longitude": 23.732782964854035
      },
      {
        "Latitude": 37.99957784283058,
        "Longitude": 23.732164673425324
      },
      {
        "Latitude": 37.96773998611791,
        "Longitude": 23.74861295568921
      },
      {
        "Latitude": 37.97807788146097,
        "Longitude": 23.740556904307738
      },
      {
        "Latitude": 37.96618101093194,
        "Longitude": 23.78979396768785
      },
      {
        "Latitude": 37.98561047530586,
        "Longitude": 23.780548055192035
      },
      {
        "Latitude": 37.98418124298945,
        "Longitude": 23.789113625643406
      },
      {
        "Latitude": 37.98513363188625,
        "Longitude": 23.755887873930824
      },
      {
        "Latitude": 37.988274383377,
        "Longitude": 23.78782493528403
      },
      {
        "Latitude": 37.98545498697875,
        "Longitude": 23.75881049510826
      },
      {
        "Latitude": 37.99911007724906,
        "Longitude": 23.73434273570432
      },
      {
        "Latitude": 37.96757828068193,
        "Longitude": 23.74027243592414
      },
      {
        "Latitude": 37.98118799573739,
        "Longitude": 23.765674397779634
      },
      {
        "Latitude": 37.967027262412216,
        "Longitude": 23.776404655378823
      },
      {
        "Latitude": 37.973377447493704,
        "Longitude": 23.785617620528573
      },
      {
        "Latitude": 37.96060321836288,
        "Longitude": 23.741078333547986
      },
      {
        "Latitude": 37.96375469493452,
        "Longitude": 23.734527171374665
      },
      {
        "Latitude": 37.99163607856524,
        "Longitude": 23.75339534364461
      },
      {
        "Latitude": 37.99701887871317,
        "Longitude": 23.779211446288112
      },
      {
        "Latitude": 37.993682542750825,
        "Longitude": 23.78470767383469
      },
      {
        "Latitude": 37.999978444157605,
        "Longitude": 23.762829076053457
      },
      {
        "Latitude": 37.975117587104016,
        "Longitude": 23.75134525899686
      },
      {
        "Latitude": 37.99695006022774,
        "Longitude": 23.789093635032902
      },
      {
        "Latitude": 37.99484081837435,
        "Longitude": 23.77552532942491
      },
      {
        "Latitude": 37.979533870350835,
        "Longitude": 23.740764046855073
      },
      {
        "Latitude": 37.96844230070329,
        "Longitude": 23.74971772535112
      },
      {
        "Latitude": 37.96232185935864,
        "Longitude": 23.75220108374002
      },
      {
        "Latitude": 37.99632195663416,
        "Longitude": 23.755674287807306
      },
      {
        "Latitude": 37.99830100660972,
        "Longitude": 23.757984350349687
      },
      {
        "Latitude": 37.9632028330917,
        "Longitude": 23.746311103013436
      },
      {
        "Latitude": 37.96167746339902,
        "Longitude": 23.735017855546026
      },
      {
        "Latitude": 37.970814157523364,
        "Longitude": 23.735334710071562
      },
      {
        "Latitude": 37.965082329333256,
        "Longitude": 23.730297545555977
      },
      {
        "Latitude": 37.98010826256608,
        "Longitude": 23.749580086105123
      },
      {
        "Latitude": 37.99696907728678,
        "Longitude": 23.7329089555951
      },
      {
        "Latitude": 37.99675779083032,
        "Longitude": 23.781879344898
      },
      {
        "Latitude": 37.98201518466348,
        "Longitude": 23.787318620625697
      },
      {
        "Latitude": 37.97441820663142,
        "Longitude": 23.751338023181745
      },
      {
        "Latitude": 37.97138443210934,
        "Longitude": 23.765497321208514
      },
      {
        "Latitude": 37.96062596454846,
        "Longitude": 23.73574155558789
      },
      {
        "Latitude": 37.977104152860235,
        "Longitude": 23.740665073207555
      },
      {
        "Latitude": 37.97600918674291,
        "Longitude": 23.785981322085448
      },
      {
        "Latitude": 37.969497840777926,
        "Longitude": 23.74883889408554
      },
      {
        "Latitude": 37.9794231576068,
        "Longitude": 23.783160441674294
      },
      {
        "Latitude": 37.973547338104915,
        "Longitude": 23.76846817673374
      },
      {
        "Latitude": 37.964495696830326,
        "Longitude": 23.771715471694822
      },
      {
        "Latitude": 37.98628989477784,
        "Longitude": 23.759184787543827
      },
      {
        "Latitude": 37.992212824955224,
        "Longitude": 23.734505793512554
      },
      {
        "Latitude": 37.96428070504757,
        "Longitude": 23.758405696413856
      },
      {
        "Latitude": 37.976699638350716,
        "Longitude": 23.760359868787578
      },
      {
        "Latitude": 37.99589717004855,
        "Longitude": 23.75014692124247
      },
      {
        "Latitude": 37.99393402564628,
        "Longitude": 23.747115305515262
      },
      {
        "Latitude": 37.98615840450972,
        "Longitude": 23.765515755187323
      },
      {
        "Latitude": 37.96910221920236,
        "Longitude": 23.73903533587734
      },
      {
        "Latitude": 37.98598641472604,
        "Longitude": 23.74035704137172
      },
      {
        "Latitude": 37.98106134142078,
        "Longitude": 23.765799238079804
      },
      {
        "Latitude": 37.98031745614633,
        "Longitude": 23.776822465499087
      },
      {
        "Latitude": 37.96008811616445,
        "Longitude": 23.754194700108144
      },
      {
        "Latitude": 37.96409369407806,
        "Longitude": 23.759480129812225
      },
      {
        "Latitude": 37.9904719116371,
        "Longitude": 23.76833008607674
      },
      {
        "Latitude": 37.98277257565491,
        "Longitude": 23.78943710337266
      },
      {
        "Latitude": 37.97719511040208,
        "Longitude": 23.75579447648832
      },
      {
        "Latitude": 37.99186567394985,
        "Longitude": 23.776722719949987
      },
      {
        "Latitude": 37.98086488546339,
        "Longitude": 23.732948211147807
      },
      {
        "Latitude": 37.96365209983794,
        "Longitude": 23.780671950799153
      },
      {
        "Latitude": 37.97991352879107,
        "Longitude": 23.733687163377475
      },
      {
        "Latitude": 37.99194304742355,
        "Longitude": 23.787052586520595
      },
      {
        "Latitude": 37.99161868392381,
        "Longitude": 23.76671259756302
      },
      {
        "Latitude": 37.98522951739007,
        "Longitude": 23.76628611126739
      },
      {
        "Latitude": 37.97957028879804,
        "Longitude": 23.75865507914109
      },
      {
        "Latitude": 37.98576253512101,
        "Longitude": 23.743432189647972
      },
      {
        "Latitude": 37.99361616432884,
        "Longitude": 23.733503029383463
      },
      {
        "Latitude": 37.96378974500961,
        "Longitude": 23.74194466188263
      },
      {
        "Latitude": 37.97394952377417,
        "Longitude": 23.748862935243196
      },
      {
        "Latitude": 37.98854137562007,
        "Longitude": 23.783831733916312
      },
      {
        "Latitude": 37.98335043795081,
        "Longitude": 23.747996053987787
      },
      {
        "Latitude": 37.975697317942746,
        "Longitude": 23.75883764094987
      },
      {
        "Latitude": 37.970284809657294,
        "Longitude": 23.734742265521636
      },
      {
        "Latitude": 37.9669493633874,
        "Longitude": 23.73784937859754
      },
      {
        "Latitude": 37.96385762702311,
        "Longitude": 23.759976925247933
      },
      {
        "Latitude": 37.97523981177968,
        "Longitude": 23.777567692908175
      },
      {
        "Latitude": 37.98079173386165,
        "Longitude": 23.731146652822545
      },
      {
        "Latitude": 37.99450861072189,
        "Longitude": 23.753093287864136
      },
      {
        "Latitude": 37.978002360403664,
        "Longitude": 23.741616052203966
      },
      {
        "Latitude": 37.96734201386903,
        "Longitude": 23.74335574083252
      },
      {
        "Latitude": 37.97228913846467,
        "Longitude": 23.78032088217264
      },
      {
        "Latitude": 37.96944805222012,
        "Longitude": 23.73669302267935
      },
      {
        "Latitude": 37.982574814509356,
        "Longitude": 23.777712210437482
      },
      {
        "Latitude": 37.96206406098046,
        "Longitude": 23.789947244113918
      },
      {
        "Latitude": 37.99884377921939,
        "Longitude": 23.788421586832385
      },
      {
        "Latitude": 37.97634103693219,
        "Longitude": 23.756949596414564
      },
      {
        "Latitude": 37.980722531250386,
        "Longitude": 23.764638534005034
      },
      {
        "Latitude": 37.99054441949526,
        "Longitude": 23.78915452888186
      },
      {
        "Latitude": 37.998805732705556,
        "Longitude": 23.73256666254958
      },
      {
        "Latitude": 37.98016002834771,
        "Longitude": 23.75627646470337
      },
      {
        "Latitude": 37.96242660411805,
        "Longitude": 23.76463165832097
      },
      {
        "Latitude": 37.9957791155083,
        "Longitude": 23.757954623298097
      },
      {
        "Latitude": 37.9703250535672,
        "Longitude": 23.784011410526947
      },
      {
        "Latitude": 37.986820527864644,
        "Longitude": 23.757475625446837
      },
      {
        "Latitude": 37.981215577642615,
        "Longitude": 23.766884606434598
      },
      {
        "Latitude": 37.98425241783202,
        "Longitude": 23.786369132056247
      },
      {
        "Latitude": 37.97680280786551,
        "Longitude": 23.738737567070224
      },
      {
        "Latitude": 37.97037559373128,
        "Longitude": 23.742154135229676
      },
      {
        "Latitude": 37.9724117520048,
        "Longitude": 23.78873246581737
      },
      {
        "Latitude": 37.972615213419715,
        "Longitude": 23.75810440865431
      },
      {
        "Latitude": 37.969905457277044,
        "Longitude": 23.753291813669133
      },
      {
        "Latitude": 37.962381842540594,
        "Longitude": 23.788022539188066
      },
      {
        "Latitude": 37.97670089363655,
        "Longitude": 23.734051903199678
      },
      {
        "Latitude": 37.9613951609082,
        "Longitude": 23.76869893661564
      },
      {
        "Latitude": 37.99221301371439,
        "Longitude": 23.73073596328841
      },
      {
        "Latitude": 37.9984594375729,
        "Longitude": 23.78756229211985
      },
      {
        "Latitude": 37.97217696387795,
        "Longitude": 23.77179068319722
      },
      {
        "Latitude": 37.97243690634252,
        "Longitude": 23.74603617415474
      },
      {
        "Latitude": 37.97707163375303,
        "Longitude": 23.78244541480498
      },
      {
        "Latitude": 37.97185797008697,
        "Longitude": 23.746869237829127
      },
      {
        "Latitude": 37.97389485297007,
        "Longitude": 23.757874668560994
      },
      {
        "Latitude": 37.99909124417172,
        "Longitude": 23.78976551603647
      },
      {
        "Latitude": 37.97903574965448,
        "Longitude": 23.737399011992274
      },
      {
        "Latitude": 37.968443909948654,
        "Longitude": 23.753714307746222
      },
      {
        "Latitude": 37.98516363883312,
        "Longitude": 23.75498619530281
      },
      {
        "Latitude": 37.98719196705885,
        "Longitude": 23.764553499549585
      },
      {
        "Latitude": 37.996981149668265,
        "Longitude": 23.767087389349502
      },
      {
        "Latitude": 37.97139268941117,
        "Longitude": 23.789912745043644
      },
      {
        "Latitude": 37.96315053003379,
        "Longitude": 23.754397376506773
      },
      {
        "Latitude": 37.973301857493716,
        "Longitude": 23.767452097228308
      },
      {
        "Latitude": 37.980517571032344,
        "Longitude": 23.785520374274682
      },
      {
        "Latitude": 37.98713070112127,
        "Longitude": 23.778081689788902
      },
      {
        "Latitude": 37.974685393331846,
        "Longitude": 23.75901867795564
      },
      {
        "Latitude": 37.97440932623715,
        "Longitude": 23.742937609304263
      },
      {
        "Latitude": 37.97454535042488,
        "Longitude": 23.750961620582153
      },
      {
        "Latitude": 37.996734053830245,
        "Longitude": 23.7559940880067
      },
      {
        "Latitude": 37.96039415145419,
        "Longitude": 23.742421491097456
      },
      {
        "Latitude": 37.967065171310395,
        "Longitude": 23.752463386415176
      },
      {
        "Latitude": 37.9664245516875,
        "Longitude": 23.741898917542205
      },
      {
        "Latitude": 37.99355043623505,
        "Longitude": 23.774247400201585
      },
      {
        "Latitude": 37.976860241369884,
        "Longitude": 23.759791843144047
      },
      {
        "Latitude": 37.961888700841236,
        "Longitude": 23.744151270575028
      },
      {
        "Latitude": 37.99803731274034,
        "Longitude": 23.73928667570266
      },
      {
        "Latitude": 37.97422304132405,
        "Longitude": 23.77730132384846
      },
      {
        "Latitude": 37.96245794142031,
        "Longitude": 23.785918046115707
      },
      {
        "Latitude": 37.97561064636831,
        "Longitude": 23.740096676785104
      },
      {
        "Latitude": 37.997249062387645,
        "Longitude": 23.77794719472137
      },
      {
        "Latitude": 37.97474608938318,
        "Longitude": 23.786788412642004
      },
      {
        "Latitude": 37.97402904828538,
        "Longitude": 23.732971853761825
      },
      {
        "Latitude": 37.999075084055825,
        "Longitude": 23.78300336879313
      },
      {
        "Latitude": 37.98043087886547,
        "Longitude": 23.758114843813694
      },
      {
        "Latitude": 37.97120928901122,
        "Longitude": 23.7456676149725
      },
      {
        "Latitude": 37.97663175197108,
        "Longitude": 23.738802318915372
      },
      {
        "Latitude": 37.984650337774596,
        "Longitude": 23.77872909497769
      },
      {
        "Latitude": 37.9687733627995,
        "Longitude": 23.746821570502835
      },
      {
        "Latitude": 37.97590267307429,
        "Longitude": 23.73743362604431
      },
      {
        "Latitude": 37.96665761235396,
        "Longitude": 23.788712653380756
      },
      {
        "Latitude": 37.99459295862978,
        "Longitude": 23.771628403545673
      },
      {
        "Latitude": 37.967565444897964,
        "Longitude": 23.76181591042063
      },
      {
        "Latitude": 37.999163413175154,
        "Longitude": 23.776622816204153
      },
      {
        "Latitude": 37.99101254033679,
        "Longitude": 23.765338250439125
      },
      {
        "Latitude": 37.98106222108082,
        "Longitude": 23.758088194743763
      },
      {
        "Latitude": 37.96218753661818,
        "Longitude": 23.741110159639863
      },
      {
        "Latitude": 37.96918755407903,
        "Longitude": 23.77642825306868
      },
      {
        "Latitude": 37.964444927784164,
        "Longitude": 23.77838840496768
      },
      {
        "Latitude": 37.96285308095361,
        "Longitude": 23.75770217059713
      },
      {
        "Latitude": 37.98486945068187,
        "Longitude": 23.78667422660466
      },
      {
        "Latitude": 37.979320510014716,
        "Longitude": 23.735451144613783
      },
      {
        "Latitude": 37.970276195920924,
        "Longitude": 23.75636355231668
      },
      {
        "Latitude": 37.99001996974935,
        "Longitude": 23.777834173857908
      },
      {
        "Latitude": 37.98181005781373,
        "Longitude": 23.742341555864943
      },
      {
        "Latitude": 37.976072668518725,
        "Longitude": 23.747348001220903
      },
      {
        "Latitude": 37.97071103840356,
        "Longitude": 23.785972174335964
      },
      {
        "Latitude": 37.964953768293555,
        "Longitude": 23.7339768880632
      },
      {
        "Latitude": 37.96417630350052,
        "Longitude": 23.73754965117868
      },
      {
        "Latitude": 37.97553969997017,
        "Longitude": 23.75622012740992
      },
      {
        "Latitude": 37.9990658863421,
        "Longitude": 23.741862238518454
      },
      {
        "Latitude": 37.98989044088045,
        "Longitude": 23.738850416104246
      },
      {
        "Latitude": 37.9815934363648,
        "Longitude": 23.78258820529182
      },
      {
        "Latitude": 37.98536325412407,
        "Longitude": 23.775794727864177
      },
      {
        "Latitude": 37.98007545970341,
        "Longitude": 23.73255303746134
      },
      {
        "Latitude": 37.990737704546945,
        "Longitude": 23.74923244942966
      },
      {
        "Latitude": 37.9600820423966,
        "Longitude": 23.789419650020157
      },
      {
        "Latitude": 37.995357625228685,
        "Longitude": 23.771703922350543
      },
      {
        "Latitude": 37.99930334266513,
        "Longitude": 23.75409330555065
      },
      {
        "Latitude": 37.986886419779935,
        "Longitude": 23.77291392634336
      },
      {
        "Latitude": 37.976502949119414,
        "Longitude": 23.750240053439793
      },
      {
        "Latitude": 37.99735734058365,
        "Longitude": 23.783087913776974
      },
      {
        "Latitude": 37.985683050782924,
        "Longitude": 23.762897558691893
      }
    ]
  }